,names,links,brand
0,Wilson RF 01 PRO Schl&#xE4;ger,https://www.tenniswarehouse-europe.com/Wilson_RF_01_PRO_Schl_xE4_ger/descpageRCWILSON-WRFPR-DE.html,Wilson
1,Wilson RF 01 Schl&#xE4;ger,https://www.tenniswarehouse-europe.com/Wilson_RF_01_Schl_xE4_ger/descpageRCWILSON-WRF1R-DE.html,Wilson
2,Wilson RF 01 Future Schl&#xE4;ger,https://www.tenniswarehouse-europe.com/Wilson_RF_01_Future_Schl_xE4_ger/descpageRCWILSON-WRFFR-DE.html,Wilson
3,Wilson US Open Shift 99 (300g) Tennisschl&#xE4;ger,https://www.tenniswarehouse-europe.com/Wilson_US_Open_Shift_99_300g_Tennisschl_xE4_ger/descpageRCWILSON-USSH99-DE.html,Wilson
4,Wilson US Open Shift 99 L (285g) Tennisschl&#xE4;ger,https://www.tenniswarehouse-europe.com/Wilson_US_Open_Shift_99_L_285g_Tennisschl_xE4_ger/descpageRCWILSON-USS99L-DE.html,Wilson
5,Wilson Blade 98 16x19 v9 RG 2024 Tennisschl&#xE4;ger,https://www.tenniswarehouse-europe.com/Wilson_Blade_98_16x19_v9_RG_2024_Tennisschl_xE4_ger/descpageRCWILSON-WBRG-DE.html,Wilson
6,Wilson RG Night Session Shift 99 (300g) Tennisschl&#xE4;ger,https://www.tenniswarehouse-europe.com/Wilson_RG_Night_Session_Shift_99_300g_Tennisschl_xE4_ger/descpageRCWILSON-RGSH99-DE.html,Wilson
7,Wilson Roland Garros Clash 100 v2 Tennisschl&#xE4;ger (2024),https://www.tenniswarehouse-europe.com/Wilson_Roland_Garros_Clash_100_v2_Tennisschl_xE4_ger_2024/descpageRCWILSON-RGCLV2-DE.html,Wilson
8,Wilson Roland Garros Team 102 Tennisschl&#xE4;ger (Besaitet),https://www.tenniswarehouse-europe.com/Wilson_Roland_Garros_Team_102_Tennisschl_xE4_ger_Besaitet/descpageRCWILSON-RGT102-DE.html,Wilson
9,Wilson Roland Garros Equipe HP Tennisschl&#xE4;ger (Besaitet),https://www.tenniswarehouse-europe.com/Wilson_Roland_Garros_Equipe_HP_Tennisschl_xE4_ger_Besaitet/descpageRCWILSON-RGEHP-DE.html,Wilson
10,Wilson Roland Garros Triumph Racket (Pre Strung),https://www.tenniswarehouse-europe.com/Wilson_Roland_Garros_Triumph_Racket_Pre_Strung/descpageRCWILSON-RGTRP-DE.html,Wilson
11,Wilson Blade 98 16x19 v9 Tennisschl&#xE4;ger,https://www.tenniswarehouse-europe.com/Wilson_Blade_98_16x19_v9_Tennisschl_xE4_ger/descpageRCWILSON-WB9816-DE.html,Wilson
12,Wilson Blade 98 18x20 v9 Tennisschl&#xE4;ger,https://www.tenniswarehouse-europe.com/Wilson_Blade_98_18x20_v9_Tennisschl_xE4_ger/descpageRCWILSON-WB18V-DE.html,Wilson
13,Wilson Blade 98S v9 Tennisschl&#xE4;ger,https://www.tenniswarehouse-europe.com/Wilson_Blade_98S_v9_Tennisschl_xE4_ger/descpageRCWILSON-WB98SV-DE.html,Wilson
14,Wilson Blade 98 16x19 v9 RG 2024 Tennisschl&#xE4;ger,https://www.tenniswarehouse-europe.com/Wilson_Blade_98_16x19_v9_RG_2024_Tennisschl_xE4_ger/descpageRCWILSON-WBRG-DE.html,Wilson
15,Wilson Blade 100 v9 Tennisschl&#xE4;ger,https://www.tenniswarehouse-europe.com/Wilson_Blade_100_v9_Tennisschl_xE4_ger/descpageRCWILSON-WB1009-DE.html,Wilson
16,Wilson Blade 101L v9 Tennisschl&#xE4;ger (Bespannt),https://www.tenniswarehouse-europe.com/Wilson_Blade_101L_v9_Tennisschl_xE4_ger_Bespannt/descpageRCWILSON-WB101-DE.html,Wilson
17,Wilson Blade 104 v9 Tennisschl&#xE4;ger,https://www.tenniswarehouse-europe.com/Wilson_Blade_104_v9_Tennisschl_xE4_ger/descpageRCWILSON-WB104-DE.html,Wilson
18,Wilson Blade 100UL v9 Tennisschl&#xE4;ger (Bespannt),https://www.tenniswarehouse-europe.com/Wilson_Blade_100UL_v9_Tennisschl_xE4_ger_Bespannt/descpageRCWILSON-WBULV-DE.html,Wilson
19,Wilson Blade 100L v9 Tennisschl&#xE4;ger,https://www.tenniswarehouse-europe.com/Wilson_Blade_100L_v9_Tennisschl_xE4_ger/descpageRCWILSON-WB100L-DE.html,Wilson
20,Wilson Blade 101L v8 Tennisschl&#xE4;ger,https://www.tenniswarehouse-europe.com/Wilson_Blade_101L_v8_Tennisschl_xE4_ger/descpageRCWILSON-101LV8-DE.html,Wilson
21,Wilson Blade Feel 100 Tennisschl&#xE4;ger (Besaitet) ,https://www.tenniswarehouse-europe.com/Wilson_Blade_Feel_100_Tennisschl_xE4_ger_Besaitet/descpageRCWILSON-WBF122-DE.html,Wilson
22,Wilson Blade Feel 103 Tennisschl&#xE4;ger,https://www.tenniswarehouse-europe.com/Wilson_Blade_Feel_103_Tennisschl_xE4_ger/descpageRCWILSON-BF103R-DE.html,Wilson
23,Wilson US Open Shift 99 L (285g) Tennisschl&#xE4;ger,https://www.tenniswarehouse-europe.com/Wilson_US_Open_Shift_99_L_285g_Tennisschl_xE4_ger/descpageRCWILSON-USS99L-DE.html,Wilson
24,Wilson US Open Shift 99 (300g) Tennisschl&#xE4;ger,https://www.tenniswarehouse-europe.com/Wilson_US_Open_Shift_99_300g_Tennisschl_xE4_ger/descpageRCWILSON-USSH99-DE.html,Wilson
25,Wilson RG Night Session Shift 99 (300g) Tennisschl&#xE4;ger,https://www.tenniswarehouse-europe.com/Wilson_RG_Night_Session_Shift_99_300g_Tennisschl_xE4_ger/descpageRCWILSON-RGSH99-DE.html,Wilson
26,Wilson Shift 99 Pro (315g) Tennisschl&#xE4;ger,https://www.tenniswarehouse-europe.com/Wilson_Shift_99_Pro_315g_Tennisschl_xE4_ger/descpageRCWILSON-WSP315-DE.html,Wilson
27,Wilson Shift 99 (300g) Tennisschl&#xE4;ger,https://www.tenniswarehouse-europe.com/Wilson_Shift_99_300g_Tennisschl_xE4_ger/descpageRCWILSON-WSP300-DE.html,Wilson
28,Wilson Shift 99 L (285g) Tennisschl&#xE4;ger,https://www.tenniswarehouse-europe.com/Wilson_Shift_99_L_285g_Tennisschl_xE4_ger/descpageRCWILSON-WSP285-DE.html,Wilson
29,Wilson Pro Staff X Tennisschl&#xE4;ger,https://www.tenniswarehouse-europe.com/Wilson_Pro_Staff_X_Tennisschl_xE4_ger/descpageRCWILSON-W97VX-DE.html,Wilson
30,Wilson Pro Staff 97 V14.0 Tennisschl&#xE4;ger,https://www.tenniswarehouse-europe.com/Wilson_Pro_Staff_97_V14_0_Tennisschl_xE4_ger/descpageRCWILSON-W97V14-DE.html,Wilson
31,Wilson Pro Staff 97L V14.0 Tennisschl&#xE4;ger,https://www.tenniswarehouse-europe.com/Wilson_Pro_Staff_97L_V14_0_Tennisschl_xE4_ger/descpageRCWILSON-97V14L-DE.html,Wilson
32,Wilson Pro Staff 97UL V14.0 Tennisschl&#xE4;ger,https://www.tenniswarehouse-europe.com/Wilson_Pro_Staff_97UL_V14_0_Tennisschl_xE4_ger/descpageRCWILSON-9714UL-DE.html,Wilson
33,Wilson Pro Staff Team V14.0 Tennisschl&#xE4;ger,https://www.tenniswarehouse-europe.com/Wilson_Pro_Staff_Team_V14_0_Tennisschl_xE4_ger/descpageRCWILSON-97TV14-DE.html,Wilson
34,Wilson Pro Staff Precision 100 Tennisschl&#xE4;ger,https://www.tenniswarehouse-europe.com/Wilson_Pro_Staff_Precision_100_Tennisschl_xE4_ger/descpageRCWILSON-PRSP10-DE.html,Wilson
35,Wilson Ultra 100 V4.0 Tennisschl&#xE4;ger,https://www.tenniswarehouse-europe.com/Wilson_Ultra_100_V4_0_Tennisschl_xE4_ger/descpageRCWILSON-WU10V4-DE.html,Wilson
36,Wilson Ultra 100L V4.0 Tennisschl&#xE4;ger,https://www.tenniswarehouse-europe.com/Wilson_Ultra_100L_V4_0_Tennisschl_xE4_ger/descpageRCWILSON-WU1LV4-DE.html,Wilson
37,Wilson Ultra 100UL V4.0 Tennisschl&#xE4;ger,https://www.tenniswarehouse-europe.com/Wilson_Ultra_100UL_V4_0_Tennisschl_xE4_ger/descpageRCWILSON-WUULV4-DE.html,Wilson
38,Wilson Ultra 108 V4.0 Tennisschl&#xE4;ger,https://www.tenniswarehouse-europe.com/Wilson_Ultra_108_V4_0_Tennisschl_xE4_ger/descpageRCWILSON-WU18V4-DE.html,Wilson
39,Wilson Ultra Team V4.0 Tennisschl&#xE4;ger,https://www.tenniswarehouse-europe.com/Wilson_Ultra_Team_V4_0_Tennisschl_xE4_ger/descpageRCWILSON-WUTEV4-DE.html,Wilson
40,Wilson Roland Garros Clash 100 v2 Tennisschl&#xE4;ger (2024),https://www.tenniswarehouse-europe.com/Wilson_Roland_Garros_Clash_100_v2_Tennisschl_xE4_ger_2024/descpageRCWILSON-RGCLV2-DE.html,Wilson
41,Wilson Minions Clash 100L v2 Tennisschl&#xE4;ger,https://www.tenniswarehouse-europe.com/Wilson_Minions_Clash_100L_v2_Tennisschl_xE4_ger/descpageRCWILSON-WM100L-DE.html,Wilson
42,Wilson Minions Clash 100 v2 Tennisschl&#xE4;ger,https://www.tenniswarehouse-europe.com/Wilson_Minions_Clash_100_v2_Tennisschl_xE4_ger/descpageRCWILSON-WMC100-DE.html,Wilson
43,Wilson Clash 100 Pro V2.0 Tennisschl&#xE4;ger,https://www.tenniswarehouse-europe.com/Wilson_Clash_100_Pro_V2_0_Tennisschl_xE4_ger/descpageRCWILSON-WC100P-DE.html,Wilson
44,Wilson Clash 98 V2.0 Tennisschl&#xE4;ger,https://www.tenniswarehouse-europe.com/Wilson_Clash_98_V2_0_Tennisschl_xE4_ger/descpageRCWILSON-WC98P-DE.html,Wilson
45,Wilson Clash 100L V2.0 Tennisschl&#xE4;ger,https://www.tenniswarehouse-europe.com/Wilson_Clash_100L_V2_0_Tennisschl_xE4_ger/descpageRCWILSON-WC10LV-DE.html,Wilson
46,Wilson Burn 100 V5 Tennisschl&#xE4;ger,https://www.tenniswarehouse-europe.com/Wilson_Burn_100_V5_Tennisschl_xE4_ger/descpageRCWILSON-BRN1V5-DE.html,Wilson
47,Wilson Burn 100 LS V5 Tennisschl&#xE4;ger,https://www.tenniswarehouse-europe.com/Wilson_Burn_100_LS_V5_Tennisschl_xE4_ger/descpageRCWILSON-BRNLS5-DE.html,Wilson
48,Wilson Burn 100 ULS V5 Tennisschl&#xE4;ger,https://www.tenniswarehouse-europe.com/Wilson_Burn_100_ULS_V5_Tennisschl_xE4_ger/descpageRCWILSON-BRULS5-DE.html,Wilson
49,Wilson Minions Clash 100 v2 Tennisschl&#xE4;ger,https://www.tenniswarehouse-europe.com/Wilson_Minions_Clash_100_v2_Tennisschl_xE4_ger/descpageRCWILSON-WMC100-DE.html,Wilson
50,Wilson Minions Clash 100L v2 Tennisschl&#xE4;ger,https://www.tenniswarehouse-europe.com/Wilson_Minions_Clash_100L_v2_Tennisschl_xE4_ger/descpageRCWILSON-WM100L-DE.html,Wilson
51,Wilson Six.Two Tennisschl&#xE4;ger (Besaitet),https://www.tenniswarehouse-europe.com/Wilson_Six_Two_Tennisschl_xE4_ger_Besaitet/descpageRCWILSON-WSXTR-DE.html,Wilson
52,Wilson Six LV Tennisschl&#xE4;ger (Besaitet),https://www.tenniswarehouse-europe.com/Wilson_Six_LV_Tennisschl_xE4_ger_Besaitet/descpageRCWILSON-WR6LV-DE.html,Wilson
53,Wilson Six.One Tennisschl&#xE4;ger,https://www.tenniswarehouse-europe.com/Wilson_Six_One_Tennisschl_xE4_ger/descpageRCWILSON-WSXOR-DE.html,Wilson
54,Wilson Six.One 102 Lite Tennisschl&#xE4;ger ,https://www.tenniswarehouse-europe.com/Wilson_Six_One_102_Lite_Tennisschl_xE4_ger/descpageRCWILSON-W102LWR-DE.html,Wilson
55,"Wilson Blade v9 26"" Kinder Tennisschl&#xE4;ger",https://www.tenniswarehouse-europe.com/Wilson_Blade_v9_26_Kinder_Tennisschl_xE4_ger/descpageRCWILSON-WB26J-DE.html,Wilson
56,Wilson Pro Staff v14 26 Kinder Tennisschl&#xE4;ger,https://www.tenniswarehouse-europe.com/Wilson_Pro_Staff_v14_26_Kinder_Tennisschl_xE4_ger/descpageRCWILSON-PSJU26-DE.html,Wilson
57,Wilson Ultra 26 V4.0 Kinder Tennisschl&#xE4;ger,https://www.tenniswarehouse-europe.com/Wilson_Ultra_26_V4_0_Kinder_Tennisschl_xE4_ger/descpageRCWILSON-WU264R-DE.html,Wilson
58,Wilson Clash 26 v2 Kinder Tennisschl&#xE4;ger,https://www.tenniswarehouse-europe.com/Wilson_Clash_26_v2_Kinder_Tennisschl_xE4_ger/descpageRCWILSON-WC26V2-DE.html,Wilson
59,Wilson Blade Feel Comp 26 Kinder Tennisschl&#xE4;ger,https://www.tenniswarehouse-europe.com/Wilson_Blade_Feel_Comp_26_Kinder_Tennisschl_xE4_ger/descpageRCWILSON-WFCJ26-DE.html,Wilson
60,Wilson Roland Garros Elite Comp 26 Kinder Tennisschl&#xE4;ger,https://www.tenniswarehouse-europe.com/Wilson_Roland_Garros_Elite_Comp_26_Kinder_Tennisschl_xE4_ger/descpageRCWILSON-WRGEC26-DE.html,Wilson
61,"Wilson Blade 25"" v9 Kinder Tennisschl&#xE4;ger",https://www.tenniswarehouse-europe.com/Wilson_Blade_25_v9_Kinder_Tennisschl_xE4_ger/descpageRCWILSON-WB25J-DE.html,Wilson
62,Wilson Pro Staff v14 25 Kinder Tennisschl&#xE4;ger,https://www.tenniswarehouse-europe.com/Wilson_Pro_Staff_v14_25_Kinder_Tennisschl_xE4_ger/descpageRCWILSON-PSJU25-DE.html,Wilson
63,Wilson Ultra 25 V4.0 Kinder Tennisschl&#xE4;ger,https://www.tenniswarehouse-europe.com/Wilson_Ultra_25_V4_0_Kinder_Tennisschl_xE4_ger/descpageRCWILSON-WU254R-DE.html,Wilson
64,Wilson Roland Garros Elite 25 Kinder Tennisschl&#xE4;ger,https://www.tenniswarehouse-europe.com/Wilson_Roland_Garros_Elite_25_Kinder_Tennisschl_xE4_ger/descpageRCWILSON-WRGEJ-DE.html,Wilson
65,Wilson US Open 25 Kinder Tennisschl&#xE4;ger,https://www.tenniswarehouse-europe.com/Wilson_US_Open_25_Kinder_Tennisschl_xE4_ger/descpageRCWILSON-WRUSO25-DE.html,Wilson
66,Wilson Blade Feel Comp 25 Kinder Tennisschl&#xE4;ger,https://www.tenniswarehouse-europe.com/Wilson_Blade_Feel_Comp_25_Kinder_Tennisschl_xE4_ger/descpageRCWILSON-WFCJ25-DE.html,Wilson
67,Wilson Roland Garros Elite 23 Kinder Tennisschl&#xE4;ger,https://www.tenniswarehouse-europe.com/Wilson_Roland_Garros_Elite_23_Kinder_Tennisschl_xE4_ger/descpageRCWILSON-WRGE23-DE.html,Wilson
68,Wilson Roland Garros Elite 21 Kinder Tennisschl&#xE4;ger,https://www.tenniswarehouse-europe.com/Wilson_Roland_Garros_Elite_21_Kinder_Tennisschl_xE4_ger/descpageRCWILSON-WRGE21-DE.html,Wilson
69,Wilson US Open 19 Kinder Tennisschl&#xE4;ger,https://www.tenniswarehouse-europe.com/Wilson_US_Open_19_Kinder_Tennisschl_xE4_ger/descpageRCWILSON-WRUSO19-DE.html,Wilson
